105679,"Перфоратор электрический Makita HR2470 780 Вт 2,7 Дж SDS-plus",10290.0
166619,Шлифмашина угловая электрическая Makita GA5030 720 Вт d125 мм,4325.0
127610,Шлифмашина угловая электрическая Makita 9069 2000 Вт d230 мм,10296.0
134107,Ножовка по дереву Hesler 350 мм 7 зуб/дюйм крупный зуб,350.0
109380,Шлифмашина угловая электрическая Makita 9558HN 840 Вт d125 мм,5086.0
166617,"Дрель-шуруповерт аккумуляторная Makita DF347DWE 14,4В 2х1,5Ач Li-Ion",8239.0
691494,"Перфоратор электрический (NRH-802) 800 Вт 2,6 Дж SDS-plus",2350.0
504744,"Перфоратор электрический Интерскол П-30/900ЭР (86.3.0.00/86.3.2.23) 900 Вт 3,3 Дж SDS-plus",6802.0
672588,"Дрель-шуруповерт аккумуляторная Интерскол Да-18ЭР (436.2.2.20) 18В 2х1,5Ач Li-Ion 2 АКБ и ЗУ",5013.0
162126,Дрель-шуруповерт аккумуляторная Metabo PowerMaxx BS (600080500) 12В 2х2Ач Li-Ion,8246.0
109392,Шлифмашина угловая электрическая Интерскол УШМ-125/900(Т) (42.1.0.00) 900 Вт d125 мм,3370.0
105248,Ножовка по дереву Hesler 400 мм 7 зуб/дюйм крупный зуб,472.0
653771,Дрель-миксер электрическая КМ EM-851/1 850 Вт,4790.0
156416,Шлифмашина угловая электрическая 720 Вт d125 мм,1859.0
614112,"Дрель-шуруповерт аккумуляторная КМ (CD-141) 14,4В 2,0Ач Li-Ion 1 АКБ и ЗУ",3618.0
681525,Ножовка по дереву КМ 350 мм 9 зуб/дюйм средний зуб,417.0
105247,Ножовка по дереву Hesler Teflon 400 мм 7 зуб/дюйм крупный зуб,424.0
672585,Дрель-шуруповерт аккумуляторная Интерскол ДА-12ЭР (434.2.2.20) 12В 2х2Ач Li-Ion 2 АКБ и ЗУ,3468.0
153725,"Электропила цепная Makita UC3541A 1800 Вт 14"" шаг 3/8"" паз 1,3 мм 52 звена",9300.0
654259,Дрель-миксер электрическая ЗУБР МР-1050-1 1050 Вт,6970.0
674531,Дрель-миксер электрическая Фиолент МД3-1200Э (ИДФР298179003) 1200 Вт,6500.0
797837,Пылесос строительный электрический Karcher WD 2 Plus V-12/4/18 (YYY) (1.628-000.0) 1000 Вт 12 л,6600.0
681537,Ножовка по дереву Hesler 500 мм 11 зуб/дюйм мелкий зуб,659.0
681543,Ножовка по дереву 400 мм 9 зуб/дюйм средний зуб,276.0
681539,Ножовка по металлу Hesler 300 мм 24 зуб/дюйм средний зуб,172.0
106343,Полотно ножовочное по металлу Wilpu биметаллическое 300 мм 24 зуб/дюйм,146.0
166381,Шлифмашина угловая электрическая Интерскол УШМ-230/2100М(Т) (60.1.2.00) 2100 Вт d230 мм,6532.0
105253,Ножовка по дереву Hesler Teflon 450 мм 7 зуб/дюйм крупный зуб,541.0
631445,"Перфоратор электрический КМ RH-1501 1500 Вт 4,5 Дж SDS-plus",7150.0
105255,Ножовка по дереву Hesler 500 мм 7 зуб/дюйм крупный зуб,383.0
940403,Дрель-шуруповерт аккумуляторная безударная Makita DF488DWE 18В Li-Ion 2 АКБ иЗУ,10499.0
129614,Дрель безударная Makita 6413 450 Вт,3683.0
614110,Шлифмашина угловая электрическая КМ AG-901/125 900 Вт d125 мм,2990.0
614115,Лобзик электрический КМ JS-711 710 Вт,2684.0
156417,Пила дисковая электрическая NCS-1201/185 1200 Вт 185 мм,3105.0
797839,Пылесос строительный электрический Karcher WD 3 P S V-17/4/20 (YSY) *EU (1.628-190.0) 1000 Вт 17 л,13590.0
153782,Пылесос строительный электрический Einhell ТH-VC (TC-VC) 1930 SA (2342190) 1500 Вт 30 л,10858.0
628285,Дрель-миксер электрическая КМ EM-1600/2 1600 Вт,8643.0
153726,"Электропила цепная Makita UC4041A 1800 Вт 16"" шаг 3/8"" паз 1,3 мм 56 звеньев",9990.0
156422,Фен строительный электрический 2000 Вт,1223.0
102390,Дрель ударная Интерскол ДУ-16/1000ЭР (57.1.3.00) 1000 Вт,6542.0
105810,Пила дисковая электрическая Интерскол ДП-165/1200 (96.1.0.00) 1200 Вт 165 мм,6060.0
105811,Пила дисковая электрическая Интерскол ДП-190/1600М (97.1.1.20) 1600 Вт 190 мм,6881.0
681531,Ножовка по дереву Hesler 400 мм 9 зуб/дюйм средний зуб,312.0
639917,Шлифмашина угловая электрическая КМ AG-2401/230 2400 Вт d230 мм,5500.0
104601,Лобзик электрический Makita 4329 450 Вт,5096.0
681530,Ножовка по дереву КМ 400 мм 9 зуб/дюйм средний зуб,645.0
940406,Шлифмашина угловая электрическая Makita 9558HNZ 840 Вт d125 мм,6689.0
681526,Ножовка по дереву КМ Teflon 400 мм 7 зуб/дюйм крупный зуб,550.0
109391,Шлифмашина угловая электрическая Интерскол УШМ-125/1100Э(Т) (26.1.1.00) 1100 Вт d125 мм,5061.0
926274,Ножовка по гипсокартону 150 мм Hardy усиленная,869.0
659287,Пылесос строительный электрический КМ VC-1202/30 1200 Вт 30 л,6990.0
688306,Полотно ножовочное по металлу Hesler биметаллическое 300 мм 32 зуб/дюйм (2 шт.) мелкий зуб,241.0
797838,Пылесос строительный электрический Karcher WD 3 V-17/4/20 (YYY) (1.628-101.0) 1000 Вт 17 л,8900.0
663154,Дрель-шуруповерт аккумуляторная КМ АТОМ (CD-183BL) 18В Li-Ion без АКБ и ЗУ,4100.0
504743,Перфоратор электрический Интерскол П-26/800ЭР 780 Вт 3 Дж SDS-plus,5855.0
626175,"Дрель-шуруповерт аккумуляторная Makita DF333DWYE 12В 2х1,5Ач Li-Ion",8111.0
654272,Шлифмашина эксцентриковая электрическая ЗУБР ЗОШМ-450-125 450 Вт d125 мм,3720.0
504706,Шлифмашина эксцентриковая электрическая DeWalt DWE6423 280 Вт d125 мм,9298.0
106340,Полотно ножовочное по металлу Wilpu биметаллическое 300 мм 18 зуб/дюйм,163.0
626176,Дрель-шуруповерт аккумуляторная Makita DF333DWAE 12В 2х2Ач Li-Ion,8560.0
153715,Пила дисковая электрическая Makita 5008MG 1800 Вт 210 мм,15070.0
759071,Пистолет пневматический Patriot (830901036) GH 60C быстросъемный,466.0
614114,Пила дисковая электрическая КМ CS-1201/185 1200 Вт 185 мм,4400.0
684986,Краскораспылитель пневматический Fubag (110104) Master G600/1.4 HVLP верхний бачок,2190.0
504740,Дрель ударная Интерскол ДУ-13/780ЭР (421.1.0.30) 780 Вт,3194.0
813799,Перфоратор электрический Зубр ЗПМ-40-1250 ЭВК 1250 Вт 10 Дж SDS-max,15690.0
654271,Фен строительный электрический ЗУБР ФТ-1600 1600 Вт,1980.0
813813,Штроборез Зубр ЗШ-П30-1400 ПСТК 1400 Вт d125 мм,9160.0
654257,"Краскопульт электрический ЗУБР КПЭ-500 500 Вт 0,8 л",3940.0
105809,Пила дисковая электрическая Bosch GKS 190 (601623000) 1400 Вт 190 мм,10648.0
153793,Шлифмашина угловая электрическая Einhell TE-AG 125 CE (4430860) 1100 Вт d125 мм,5900.0
759078,Шланг спиральный Patriot (830902001) SPE 15 быстросъемный 15 м для компрессоров,530.0
681534,Ножовка по дереву КМ 450 мм 7 зуб/дюйм крупный зуб,636.0
759073,Краскораспылитель пневматический Patriot (830901005) LV 162А для компрессоров верхний бачок,1020.0
504700,Шлифмашина угловая электрическая DeWalt DWE4257 1500 Вт d125 мм,12990.0
681523,Ножовка по дереву Hesler 350 мм 11 зуб/дюйм мелкий зуб,358.0
106342,Полотно ножовочное по металлу Wilpu биметаллическое 300 мм 32 зуб/дюйм,173.0
153781,Пылесос строительный электрический Einhell TC-VC 1820 S (2342167) 1250 Вт 20 л,7193.0
759077,Шланг спиральный Patriot (830902000) SPE 10 быстросъемный 10 м для компрессоров,420.0
131242,Ножовка по дереву Hesler 450 мм 7 зуб/дюйм крупный зуб,463.0
681535,Ножовка по дереву КМ 450 мм 9 зуб/дюйм средний зуб,680.0
691781,Пистолет пневматический Fubag (110122) DGL170/4 продувочный удлиненный,460.0
759070,Пистолет пневматический Patriot (830901030) GH 60A быстросъемный,295.0
162134,Шлифмашина угловая электрическая Metabo WEV 15-125 Quick (600468000) 1550 Вт d125 мм,15807.0
505050,Дрель-шуруповерт аккумуляторная Metabo BS 18 L (602321500) 18В 2х2Ач Li-Ion,15230.0
967842,Дрель-шуруповерт аккумуляторная безударная Зубр ДШЛ-185-22 18В 2х2Ач Li-Ion 2 АКБ и ЗУ,7540.0
681528,Ножовка по дереву КМ 400 мм 11 зуб/дюйм мелкий зуб,593.0
828654,Штуцер Fubag (180140 B) для соединения 1/4 НР,75.0
759079,Шланг спиральный Patriot (830901040) PU 8 быстросъемный 8 м для компрессоров,650.0
504745,Шлифмашина угловая электрическая Интерскол УШМ-150/1300 (58.1.0.00) 1300 Вт d150 мм,5124.0
166882,Пила дисковая электрическая Makita HS6601 1050 Вт 165 мм,9254.0
504623,Пылесос строительный электрический Einhell TC-VC 1812 S (2342370) 1250 Вт 12 л,4800.0
828667,Масло Fubag (991899) 1 л для компрессоров,576.0
681524,Ножовка по дереву Hesler 350 мм 9 зуб/дюйм средний зуб,350.0
653794,"Электропила цепная КМ ЕCS-1801/16 1800 Вт шаг 3/8"" паз 1,3 мм 57 звеньев",4451.0
921136,Дрель-шуруповерт аккумуляторная безударная Интерскол ДА-10/18В (709.2.2.70) 18В 2х2Ач Li-Ion 2 АКБ иЗУ,6753.0
127609,Шлифмашина вибрационная электрическая Makita BO3711 190 Вт 93х228 мм,5789.0
795206,Шлифмашина угловая электрическая Ресанта УШМ-230/2300 (75/12/9) 2300 Вт d230 мм,8190.0
967837,Шлифмашина угловая электрическая Зубр УШМ-125-805 800 Вт d125 мм,3110.0
684970,Фен строительный электрический Makita HG5030K (6666910) 1600 Вт,5373.0
504766,Реноватор электрический Makita TM3000C 320 Вт,7895.0
684984,Краскораспылитель пневматический Fubag (110103) Basic G600/1.5 HP верхний бачок,1140.0
813811,Гравер электрический Зубр ЗГ-160 КН41 160 Вт с набором оснастки,3699.0
147210,Шуруповерт ударный Makita TD0101F 230 Вт,6460.0
136807,Дрель-шуруповерт аккумуляторная ударная Makita DHP 453 RFE 18В 2х3Ач Li-Ion,20160.0
967839,Шлифмашина угловая электрическая Зубр УШМ-П125-1500 ЭПСТ 1500 Вт d125 мм,6780.0
504761,"Перфоратор электрический Makita HR2630 800 Вт 2,9 Дж SDS-plus",13140.0
681522,Ножовка по дереву КМ 350 мм 11 зуб/дюйм мелкий зуб,518.0
684985,Краскораспылитель пневматический Fubag (110105) Basic S1000/1.8 HP нижний бачок,2599.0
813812,Штроборез Зубр ЗШ-30-1200 Т 1200 Вт d125 мм,6999.0
129624,Дрель-миксер электрическая Интерскол КМ-60/1000Э (52.1.2.00) 1050 Вт,11864.0
795205,Шлифмашина угловая электрическая Ресанта УШМ-125/900 (75/12/2) 900 Вт d125 мм,3490.0
664520,Дрель безударная Интерскол Д-10/420ЭР (672.1.0.00) 420 Вт,2137.0
681542,Ножовка по дереву для фанеры Hesler 350 мм 13 зуб/дюйм мелкий зуб,356.0
835566,"Дрель-шуруповерт аккумуляторная КМ (CD-122) 12В 1х1,5Ач Li-Ion 1 АКБ и ЗУ",2490.0
795200,Фен строительный электрический Ресанта ФЭ-2000К (75/2/1) 2000 Вт,2790.0
828650,Муфта Fubag (180102 B) для соединения 1/2 НР,280.0
505056,Пистолет клеевой электрический Rexant (12-0105) 100 Вт,517.0
681533,Ножовка по дереву КМ 450 мм 11 зуб/дюйм мелкий зуб,705.0
691786,Шланг спиральный Fubag (170306) 15 м полиуретан с фитингами,2290.0
663155,Дрель-шуруповерт аккумуляторная ударная КМ АТОМ (CID-184BL) 18В Li-Ion без АКБ и ЗУ,4510.0
129616,Лобзик электрический Makita JV0600K 650 Вт,8909.0
759063,Масло компрессорное Patriot (850030600) 1 л,445.0
504762,Шлифмашина угловая электрическая Makita GA5034 720 Вт d125 мм,5313.0
635101,"Краскопульт электрический Einhell TC-SY 600 S (4260015) 600 Вт 0,8 л",6500.0
156414,"Дрель-шуруповерт аккумуляторная 10,8В 1,3Ач Li-Ion",1548.0
615969,"Компрессор безмасляный Metabo (601532000) Basic 250-24 W OF 24 л 1,5 кВт",17746.0
681520,Ножовка по дереву Hesler 300 мм 11 зуб/дюйм мелкий зуб,358.0
688305,Полотно ножовочное по металлу Hesler биметаллическое 300 мм 24 зуб/дюйм (2 шт.) мелкий зуб,188.0
681536,Ножовка по дереву Hesler 450 мм 9 зуб/дюйм средний зуб,485.0
504686,"Перфоратор аккумуляторный DeWalt DCH133N 2,6 Дж 18В Li-Ion SDS-plus без АКБ и ЗУ",16879.0
684999,Шланг спиральный Fubag (9170305) 10 м полиуретан,1650.0
612663,Гайковерт аккумуляторный ударный Makita DTW190Z 18В Li-Ion без АКБ и ЗУ,5786.0
828652,Муфта Fubag (180100 B) для соединения 1/4 НР,330.0
681527,Ножовка по дереву КМ 400 мм 7 зуб/дюйм крупный зуб,447.0
663153,Дрель-шуруповерт аккумуляторная ударная КМ АТОМ (CID-182) 18В Li-Ion без АКБ и ЗУ,2800.0
795190,Дрель-шуруповерт аккумуляторная безударная Ресанта ДА-18-2ЛК (75/14/5) 18В 2х2Ач Li-Ion 2 АКБ иЗУ,6201.0
635099,"Краскопульт электрический Einhell TC-SY 400 P (4260005) 400 Вт 0,8 л",3990.0
168274,"Бензопила Champion 237 2,04 л.с. 16"" шаг 3/8"" паз 1,3 мм 56 звеньев",9290.0
759056,"Компрессор безмасляный Patriot (525306370) WO 10-120 10 л 0,65 кВт",10490.0
680152,Пила торцовочная электрическая КМ MS-1401/210 (680152) 1400 Вт 210 мм,6800.0
668540,Гайковерт аккумуляторный ударный КМ АТОМ (СIW-182) 18В Li-Ion без АКБ и ЗУ,2990.0
967203,Дрель-шуруповерт аккумуляторная безударная щеточная Patriot BR 114LI (180201405) 12В 2х2Ач Li-Ion 2 АКБ и ЗУ,2622.0
614111,"Дрель-шуруповерт аккумуляторная КМ (CD-121) 12В 1х1,5Ач Li-Ion 1 АКБ и ЗУ",2838.0
813817,Пылесос строительный электрический Зубр ПУ-20-1400 М3 1400 Вт 20 л,7920.0
156418,Лобзик электрический 400 Вт,1990.0
828656,Штуцер Fubag (180161 B) для соединения 8 мм с обжимным кольцом,109.0
153707,Лобзик электрический Makita 4326 450 Вт,4641.0
828649,Муфта Fubag (180122 B) для соединения 10 мм с обжимным кольцом,350.0
168278,"Бензопила Champion 241 2,45 л.с. 16"" шаг 3/8"" паз 1,3 мм 56 звеньев",9990.0
921134,Дрель-шуруповерт аккумуляторная безударная Интерскол ДА-10/12В (687.2.2.70) 12В 2х2Ач Li-Ion 2 АКБ иЗУ,5600.0
813816,"Краскопульт электрический Зубр КПЭ-750 750 Вт 0,8 л",5610.0
795196,"Перфоратор электрический Ресанта П-32-1000К (75/3/3) 1000 Вт 5,2 Дж SDS-plus",8490.0
668542,Шлифмашина эксцентриковая аккумуляторная КМ АТОМ (CES-181) 18В Li-Ion без АКБ и ЗУ,2520.0
663158,Лобзик аккумуляторный КМ АТОМ (СJS-181) 18В Li-Ion без АКБ и ЗУ,3200.0
102380,Дрель ударная Bosch GSB 13 RE (601217100) 600 Вт,4599.0
162143,Пылесос строительный электрический Metabo ASA 25 L PC (602014000) 1250 Вт 25 л,26990.0
162365,"Шуруповерт аккумуляторный ударный Makita TD110DZ 10,8В Li-Ion без АКБ и ЗУ",3885.0
759074,Краскораспылитель пневматический Patriot (830901010) LV 162В для компрессоров нижний бачок,1169.0
813801,Пила дисковая электрическая Зубр ПД-55 1300 Вт 165 мм,5540.0
967197,"Перфоратор электрический Patriot RH 280 (140301363) 900 Вт 4,3 Дж SDS-plus",6390.0
162151,Шлифмашина угловая электрическая Metabo W 1100-125 (603614010) 1100 Вт d125 мм,9029.0
612672,"Перфоратор аккумуляторный Makita DHR202RF 18 Вт 1,9 Дж 18В 3Ач Li-Ion SDS-plus",18719.0
691764,Гвоздезабивной пистолет пневматический Fubag SN4050 (100153),4820.0
104610,Лобзик электрический Интерскол МП-65/550Э (36.1.1.01) 550 Вт,3591.0
674535,Фрезер электрический Фиолент МФ4-1100Э (ИДФР298259003) 1100 Вт,5118.0
758395,Пистолет для герметика аккумуляторный КМ АТОМ (CGFS-181) 18В Li-Ion без АКБ и ЗУ,5000.0
654268,Шлифмашина угловая электрическая ЗУБР УШМ-125-800 М3 800 Вт d125 мм,2780.0
168281,"Пила дисковая аккумуляторная Makita HS301DWAE 10,8В 2х2Ач Li-Ion 85 мм",14448.0
983612,Шлифмашина угловая аккумуляторная Greenworks GD24AG (3200207UA) 24В Li-Ion d125 мм 1 АКБ и ЗУ,9790.0
881440,Шлифмашина угловая электрическая Фиолент МШУ13-9-125Э (ИДФР298135011-01) 1100 Вт d125 мм,4472.0
797841,Пылесос строительный электрический Karcher WD 6 P S V-30/6/22/T (YSY) *EU (1.628-360.0) 1300 Вт 30 л,24044.0
909321,"Дрель-шуруповерт аккумуляторная ударная Makita HP488DWE (HP488DWE) 18В 2х1,5Ач Li-Ion 2 АКБ иЗУ",11926.0
633391,Шлифмашина угловая аккумуляторная DeWalt DCG406N-XJ 18В Li-Ion d125 мм без АКБ и ЗУ,15590.0
671784,Пила сабельная электрическая ЗУБР ЗПС-1100 Э 1100 Вт,6980.0
925074,Пила сабельная аккумуляторная Зубр СПЛ-125 (СПЛ-125-21) 12В Li-Ion с АКБ и ЗУ,5240.0
153790,Гравер электрический Einhell TС-MG 135 E (4419169) 135 Вт 216 предметов,5660.0
636275,Шуруповерт безударный КМ SD-601 600 Вт,1990.0
793004,"Цепь Makita 531492646 (531492646) 12"" шаг 3/8"" паз 1,3 мм 46 звеньев",1309.0
506221,Масло Интерскол (2600010) 1 л для компрессоров,350.0
802239,"Бензопила Patriot PT3816 (220105510) 2 л.с. 16"" шаг 3/8"" паз 1,3 мм 57 звеньев",9490.0
828668,Масло Fubag (838271) 1 л для пневмоинструмента,558.0
961844,Скобозабивной пистолет пневматический Zitrek ZKPSN01 (018-1132),2979.0
636276,Дрель-шуруповерт безударная КМ ED-301 300 Вт,2690.0
828651,Муфта Fubag (180121 B) для соединения 8 мм с обжимным кольцом,312.0
684987,Пистолет пневматический Fubag (110148) DECOR G5000 текстурный,2844.0
504702,Шлифмашина угловая электрическая DeWalt DWE490 2000 Вт d230 мм,11621.0
616362,Пистолет клеевой электрический Einhell TC-GG 30 (4522170) 30 Вт,1182.0
982111,Пила дисковая электрическая Makita HS7600 1200 Вт 185 мм,9821.0
504685,Дрель-шуруповерт аккумуляторная DeWalt DCD791D2 18В 2х2Ач Li-Ion,23730.0
813798,"Перфоратор электрический Зубр ЗП-32-1100 К 1100 Вт 3,4 Дж SDS-plus",8399.0
505059,Полотно ножовочное по металлу Stanley Fatmax (FMHT0-20196) биметаллическое 300 мм 32 зуб/дюйм (2 шт.),609.0
967840,"Перфоратор электрический Зубр ЗП-28-800 КМ 800 Вт 3,2 Дж SDS-plus",8750.0
802241,"Пила цепная электрическая Patriot ESP 1614 (220301614) 1500 Вт 14"" шаг 3/8"" паз 1,3 мм 52 звена",4650.0
168279,Дрель ударная Makita HP1640 680 Вт,6248.0
691783,Пистолет пневматический Fubag (110113) для накачки шин с манометром,1100.0
681538,Ножовка по дереву Hesler 500 мм 9 зуб/дюйм средний зуб,456.0
885917,"Гвоздезабивной пистолет газовый Toua (GSN50E) 7,2В 1,5Ач Li-Ion",33080.0
625732,Дрель-шуруповерт аккумуляторная DeWalt DCD777D2T-QW 18В 2х2Ач Li-Ion,20800.0
691789,Шланг спиральный Fubag (170023) 5 м нейлон с фитингами,570.0
942210,"Реноватор аккумуляторный Einhell TE-MG 12/1 Li (4465180) 12В 2,0Ач Li- ion 16 предметов",8300.0
681529,Ножовка по дереву Hesler 400 мм 11 зуб/дюйм мелкий зуб,490.0
759072,Пистолет пневматический Patriot (830901020) GN 60D быстросъемный для накачки шин,743.0
616360,Дрель-миксер электрическая Einhell МС TE-MX 1600-2 СE (4258555) 1600 Вт,11388.0
967200,Шлифмашина угловая электрическая 125 мм Patriot AG 122 (110301210) 860 Вт d125 мм,3916.0
504617,Шлифмашина эксцентриковая для стен и потолков электрическая Einhell TC-DW 225 (4259930) 600 Вт d225 мм,19240.0
153749,Шлифмашина вибрационная электрическая Makita BO3710 180 Вт 93х228 мм,5221.0
157208,"Перфоратор электрический Einhell RT-RH 32 (4258440) 1250 Вт 3,5 Дж SDS-plus",11361.0
505055,Пистолет клеевой электрический Proconnect (12-0104) 60 Вт,444.0
654260,Перфоратор электрический ЗУБР П-26-800 800 Вт 3 Дж SDS-plus,6560.0
828655,Штуцер Fubag (180162 B) для соединения 10 мм с обжимным кольцом,110.0
967202,Дрель-шуруповерт аккумуляторная безударная щеточная Patriot BR 119LI (180301119) 12В 2х2Ач Li-Ion 2 АКБ и ЗУ,3290.0
909330,Пистолет для вязки арматуры аккумуляторный Makita (DTR180Z) 18В Li-Ion без АКБ и ЗУ,95990.0
674537,Шлифмашина угловая электрическая Фиолент МШУ8-14-125М Мастер (ИДФР298135006-07К1) 1400 Вт d125 мм,10191.0
612687,Дрель ударная КМ ID-601 600 Вт,2064.0
980076,Перфоратор электрический Patriot RH 450 (140301450) 1300 Вт 10 Дж SDS-max,13860.0
672590,"Дрель-шуруповерт аккумуляторная ударная Интерскол ДАУ-13/18ВК (573.1.2.70) 18В 2х1,5Ач Li-Ion 2 АКБ иЗУ",7728.0
166621,"Дрель-шуруповерт аккумуляторная ударная Makita HP347DWE 14,4В 2х1,5Ач Li-Ion",10089.0
102378,Дрель безударная Интерскол Д-16/1050Р2 (369.1.0.00) 1050 Вт,7500.0
654261,"Перфоратор электрический ЗУБР П-22-650 650 Вт 2,3 Дж SDS-plus",5220.0
824912,Пила торцовочная электрическая Einhell TC-SM 2131/1 Dual (4300390) 1800 Вт 210 мм,16194.0
654263,Пила торцовочная электрическая ЗУБР ЗПТ-255-1800 ПЛ 1800 Вт 255 мм,17830.0
660984,"Бензопила Huter BS-45М (70/6/4) 3,1 л.с. 16"" шаг 3/8"" паз 1,3 мм 57 звеньев",8090.0
828648,Муфта Fubag (180110 B) для соединения 1/4 ВР,330.0
635106,Отбойный молоток электрический Einhell TE-DH 12 (4139100) 1050 Вт 12 Дж SDS-max,18724.0
942209,Реноватор электрический Einhell TE-MG 300 EQ (4465150) 300 Вт 14 предметов,8715.0
611807,Гайковерт ударный Einhell CC-IW 450 (2048304) 450 Вт,6720.0
163227,"Бензопила Champion 125T 0,95 л.с. 10"" шаг 3/8"" паз 1,3 мм 40 звеньев",8490.0
681541,Ножовка по фанере КМ 350 мм мелкий зуб,424.0
804308,Пила сабельная аккумуляторная Makita DJR186RFE 18В Li-Ion с АКБ и ЗУ,24371.0
105254,Ножовка по дереву Hesler Teflon 500 мм 7 зуб/дюйм крупный зуб,454.0
612668,Шуруповерт аккумуляторный Makita DDF083Z 18В Li-Ion без АКБ и ЗУ,8663.0
813809,Шлифмашина угловая электрическая Зубр УШМ-П230-2100 ПВ 2100 Вт d230 мм,7850.0
129621,"Отбойный молоток электрический Makita HM1203C 1510 Вт 25,5 Дж SDS-max",44586.0
961843,"Краскопульт электрический Deko DKSG600 (063-4291) 600 Вт 0,8 л",2050.0
828658,Штуцер Fubag (180141 B) для соединения 3/8 НР,110.0
684971,"Дрель-шуруповерт аккумуляторная Makita DDF453SYE (DDF453SYE) 18В 2х1,5Ач Li-Ion",12337.0
668545,"Пила цепная аккумуляторная КМ АТОМ (ССS-181BL) 14"" шаг 3/8"" паз 1,3 мм 52 звена Li-Ion 36В без АКБ и ЗУ",9799.0
804309,"Отвертка аккумуляторная безударная Makita (DF001DW) 3,6В 1х1,5Ач Li-Ion",4810.0
758396,"Пылесос аккумуляторный КМ АТОМ (CCVC-181) 0,5 л 18В Li-Ion без АКБ и ЗУ",2500.0
633378,Дрель-шуруповерт аккумуляторная ударная DeWalt DCD796NT-XJ 18В Li-Ion без АКБ и ЗУ,14610.0
633392,Шлифмашина угловая аккумуляторная DeWalt DCG412N-XJ 18В Li-Ion d125 мм без АКБ и ЗУ,11871.0
505053,Пила торцовочная электрическая Metabo KGS 254 M sеt (690828000) 1800 Вт 254 мм,44095.0
803780,Пила сабельная аккумуляторная Makita DJR186Z 18В Li-Ion без АКБ и ЗУ,10112.0
615984,Краскопульт пневматический Metabo (601575000) FSP 600,5564.0
885921,"Пистолет для герметика аккумуляторный Toua (DCG72-600) 7,2В Li-Ion",10920.0
162991,Фен строительный электрический Einhell TE-HA 2000E (4520195) 2000 Вт,5145.0
615987,Пистолет пневматический Metabo (601569000) SSP 1000 пескоструйный,3412.0
691773,Шлифмашина эксцентриковая пневматическая Fubag SR150CV (100182) d150 мм,4120.0
504612,Перфоратор электрический Einhell TE-RH 32 E (4257940) 1250 Вт 5 Дж SDS-plus,15015.0
153777,Пила торцовочная электрическая Einhell TH-MS (TC-MS) 2112 (4300295) 1400 Вт 210 мм,9914.0
967833,Фен строительный электрический Зубр ФТ-П2000 М2Д 2000 Вт,4490.0
967207,Дрель-шуруповерт аккумуляторная безударная щеточная Patriot BR 181UES (180201481) 18В 2х2Ач Li-Ion 2 АКБ и ЗУ,5177.0
967201,"Перфоратор электрический Patriot RH 265Q (140301330) 800 Вт 2,8 Дж SDS-plus",4840.0
759075,Набор пневмоинструмента окрасочного Patriot (830901060) KIT 5A для компрессоров 5 предметов,2390.0
136377,Штроборез электрический Bosch GNF 35 CA (601621708) 1400 Вт d150 мм без дисков,74776.0
633387,Пила сабельная аккумуляторная DeWalt DCS367N-XJ 18В Li-Ion без АКБ и ЗУ,25700.0
504742,"Перфоратор электрический Интерскол П-24/700ЭР (160.1.2.23) 720 Вт 2,6 Дж SDS-plus",6299.0
633380,Дрель-шуруповерт аккумуляторная DeWalt DCD791NT-XJ 18В Li-Ion без АКБ и ЗУ,14470.0
505054,Пила торцовочная электрическая Metabo KS 216 M sеt Lasercut (690874000) 1350 Вт 216 мм,18374.0
759068,Фильтр воздушный Patriot (830902026) FC 10 для компрессоров,120.0
168284,Шлифмашина угловая электрическая Makita GA4530 720 Вт d115 мм,4829.0
813792,Дрель-миксер электрическая Зубр МР-1400-3 1400 Вт,9250.0
691788,Шланг спиральный Fubag (170024) 10 м нейлон,999.0
615975,Пистолет пневматический Metabo (601579000) BP 10 продувочный,1155.0
161719,Ножовка по дереву Stanley (2-15-594) 380 мм мелкий зуб,2069.0
795203,Шлифмашина угловая электрическая Ресанта УШМ-125/1100 (75/12/3) 1100 Вт d125 мм,4190.0
134902,Дрель-шуруповерт безударная Интерскол ДШ-10/260Э2 (211.1.1.00) 260 Вт,3213.0
153787,Фрезер электрический Einhell ТЕ-RO 1255 E (4350490) 1200 Вт,9156.0
153709,"Отбойный молоток электрический Makita HM0870C 1100 Вт 11,4 Дж SDS-max",28910.0
681521,Ножовка по дереву КМ 350 мм 7 зуб/дюйм крупный зуб,533.0
825651,"Компрессор масляный Вихрь (74/3/8) КМП-240/50 50 л 1,6 кВт",12141.0
802242,"Пила цепная электрическая Patriot ESP 2016 (220301550) 2000 Вт 16"" шаг 3/8"" паз 1,3 мм 57 звеньев",6350.0
691772,Шлифмашина прямая пневматическая Fubag (100101) GL25000,2460.0
161720,Ножовка по дереву Stanley (2-15-281) 380 мм крупный зуб,2069.0
161717,Ножовка по дереву Stanley (2-17-205) 300 мм мелкий зуб,2508.0
813800,Отбойный молоток электрический Зубр ЗМ-35-1600 ВК 1600 Вт 35 Дж HEX 30,29899.0
505052,Пила торцовочная электрическая Metabo KGS 216 M sеt (690827000) 1500 Вт 216 мм,32484.0
615976,Пистолет пневматический Metabo (601581000) BP 200 продувочный,1732.0
813820,Плиткорез электрический Зубр ЭП-200-800С 800 Вт 200 мм,22950.0
828657,Штуцер Fubag (180160 B) для соединения 6 мм с обжимным кольцом,110.0
504692,"Перфоратор электрический DeWalt D25144K 900 Вт 3,2 Дж SDS-plus",19044.0
504694,"Перфоратор электрический DeWalt D25133K-QS 800 Вт 2,8 Дж SDS-plus",11616.0
685277,"Перфоратор электрический Einhell TC-RH 900 (4258237) 900 Вт 3,0 Дж SDS-plus",7560.0
635112,Плиткорез электрический Einhell TC-TC 800 (4301185) 800 Вт 180 мм,9300.0
881441,Шлифмашина угловая электрическая Фиолент МШУ17-11-125Э Professional (ИДФР298135013-01) 1100 Вт d125 мм,7128.0
504765,Лобзик электрический Makita 4327 450 Вт,4876.0
691782,Пистолет пневматический Fubag (110121) DG170/4 продувочный,350.0
825652,Компрессор масляный Вихрь (74/3/4) КМП-300/50 50 л 2 кВт,15890.0
881442,Шлифмашина угловая электрическая Фиолент МШУ13-9-125Э М Мастер (ИДФР298135011-02) 1100 Вт d125 мм,5954.0
681545,Ножовка по дереву Hesler Teflon 350 мм 7 зуб/дюйм крупный зуб,550.0
681540,Ножовка по металлу КМ 300 мм 24 зуб/дюйм средний зуб,1433.0
795194,"Перфоратор электрический Ресанта П-28-800К (75/3/1) 800 Вт 3,4 Дж SDS-plus",6890.0
966564,Пила дисковая электрическая Metabo KS 165 (602363000) 1050 Вт 165 мм,7460.0
605065,Стойка для УШМ d115/125 мм Einhell TS (4431040),3140.0
991366,Отбойный молоток электрический Patriot DB 460 (140301375) 1600 Вт 45 Дж шестигранный,22990.0
106966,Рубанок электрический Интерскол Р-102/1100ЭМ (70.1.1.00) 1000 Вт 102 мм,7902.0
759069,Фильтр воздушный Patriot (830902027) FC 20 для компрессоров,120.0
674528,Штроборез электрический Фиолент Б2-30 (ИДФР298416002) 1600 Вт d125 мм без дисков,7772.0
504760,Дрель ударная Makita HP2050 720 Вт,10990.0
759058,"Компрессор масляный Patriot (525306367) EURO 50-260 50 л 1,8 кВт",13990.0
505057,Полотно ножовочное по металлу Stanley Fatmax (FMHT0-20194) биметаллическое 300 мм 18 зуб/дюйм (2 шт.),557.0
791667,"Перфоратор электрический Фиолент П10-1000-РЭ (9400064) 1000 Вт 3,5 Дж SDS-plus",6570.0
802243,"Пила цепная электрическая Patriot ES 2618 (220301526) 2500 Вт 18"" шаг 3/8"" паз 1,3 мм 62 звена",8490.0
813828,Пила сабельная электрическая Зубр ЗПС-1400 Э 1400 Вт,9920.0
921017,Пила стационарная Einhell TC-TS 315 U (4340556) 2000 Вт d315 мм,36990.0
908300,"Перфоратор аккумуляторный Makita XGT (HR001GM201) 40 Вт 2,8 Дж 40В 2х4Ач Li-Ion SDS-plus 2 АКБ и ЗУ",55999.0
689316,"Электропила цепная КМ ECS-1601/14 (689316) 1600 Вт 14"" шаг 0.325"" паз 1,3 мм 53 звена",3899.0
671783,Пила дисковая электрическая ЗУБР ПД-65 1600 Вт 190 мм,6200.0
156419,Рубанок электрический 710 Вт 82 мм,2750.0
162136,"Дрель-шуруповерт аккумуляторная Metabo BS (602206540) 14,4В 2х2Ач Li-Ion",14364.0
967184,Фен строительный электрический Patriot HG 215 (170301321) 2000 Вт,3490.0
693572,Точило электрическое Einhell TC-US 350 (4466154) 350 Вт круг 150 мм с лентой,8487.0
159656,Фен строительный электрический Интерскол ФЭ-2000ЭМ (385.0.1.00) 2000 Вт,3912.0
163854,Дрель безударная 450 Вт,1574.0
162141,Дрель ударная Metabo SBE 650 (600742000) 650 Вт,4483.0
828647,Муфта Fubag (180101 B) для соединения 3/8 НР,330.0
671791,Полотно-струна Kraftool с напылением из карбида вольфрама 300 мм (1 шт.),290.0
612646,Пила дисковая электрическая DeWalt DWE550 1200 Вт 165 мм,12175.0
672586,"Дрель-шуруповерт аккумуляторная Интерскол Да-12ЭР-02 (534.0.2.01) 12В 2х1,5Ач Li-Ion 2 АКБ иЗУ",5061.0
961845,Скобозабивной пистолет пневматический Zitrek ZKPS01 (018-1133),2489.0
611107,Лобзик электрический Bosch GST 700 (06012A7020) 500 Вт,6290.0
504616,Шлифмашина дельтавидная электрическая Einhell TE-OS 1320 (4460560) 130 Вт 150х150 мм,3603.0
925076,Гайковерт аккумуляторный ударный бесщеточный Зубр GB-250 (GB-250-22) 20В 2х2Ач Li-Ion 2 АКБ и ЗУ,14160.0
828653,Муфта Fubag (180120 B) для соединения 6 мм с обжимным кольцом,330.0
758397,Шлифмашина дельтавидная аккумуляторная КМ АТОМ (CDGM-181) 18В Li-Ion 150х150 мм без АКБ и ЗУ,2990.0
795189,Дрель-шуруповерт аккумуляторная безударная Ресанта ДА-14-2ЛК (75/14/4) 14В 2х2Ач Li-Ion 2 АКБ иЗУ,5790.0
660983,"Бензопила Huter BS-52 (70/6/3) 3,4 л.с. 20"" шаг 0,325"" паз 1,5 мм 76 звеньев",8890.0
635214,Дрель-шуруповерт аккумуляторная Metabo BS 18 L BL (602326500) 18В 2х2Ач Li-Ion,17301.0
966565,Пила дисковая электрическая Metabo KS 190 (602364000) 1050 Вт 190 мм,8400.0
813814,Штроборез электрический Зубр ЗШ-П45-2100 ПВТК 2100 Вт d180 мм без дисков,15550.0
691785,Набор пневмоинструмента Fubag (120102) 5 предметов,3600.0
136284,"Перфоратор электрический Makita HR2811FT 800 Вт 2,9 Дж SDS-plus",26802.0
825649,"Компрессор масляный Вихрь (74/3/1) КМП-210/10 10 л 1,6 кВт",8990.0
795202,Точило электрическое Ресанта Т-150/250 (75/7/2) 250 Вт круг 150 мм,4690.0
654701,Ножовка по пластику Bahco ProfCut (PC-22-PLC) 550 мм средний зуб,3466.0
504741,Отбойный молоток электрический Интерскол М-20/1500ЭВ (441.0.0.00) 1500 Вт 20 Дж SDS-max,24990.0
803779,Дрель-шуруповерт аккумуляторная безударная Makita DDF486Z (DDF486Z) 18В Li-Ion без АКБ и ЗУ,16853.0
795184,Пила дисковая электрическая Ресанта ДП-190/1800 (75/11/2) 1800 Вт 190 мм,7890.0
795188,Дрель-шуруповерт аккумуляторная безударная Ресанта ДА-12-2ЛК (75/14/2) 12В 2х2Ач Li-Ion 2 АКБ иЗУ,5190.0
615983,Краскопульт пневматический Metabo (601576000) FSP 1000 S,5775.0
654264,Пила торцовочная электрическая ЗУБР ЗПТ-210-1400 Л 1300 Вт 210 мм,8370.0
168285,"Перфоратор электрический Makita HR2460 780 Вт 2,7 Дж SDS-plus",15152.0
813823,Фрезер электрический Зубр ФМ-1900 1900 Вт,9499.0
759080,Шланг спиральный Patriot (830901045) PU 15 быстросъемный 15 м для компрессоров,950.0
909329,Реноватор аккумуляторный Makita (DTM50RFE) 18В Li-Ion 2 АКБ и ЗУ,24087.0
672587,"Дрель-шуруповерт аккумуляторная Интерскол Да-14,4ЭР (535.0.2.01) 14,4В 2х1,5Ач Li-Ion 2 АКБ иЗУ",8020.0
967189,Фрезер электрический Patriot ER 180 (150300180) 1600 Вт,9490.0
825650,"Компрессор масляный Вихрь (74/3/2) КМП-230/24 24 л 1,6 кВт",10890.0
795207,Фрезер электрический Ресанта ФМ-1900Э (75/13/2) 1900 Вт,10090.0
654255,Дрель ударная ЗУБР ДУ-810 ЭРМ2 810 Вт,3300.0
813815,"Краскопульт электрический Зубр КПЭ-650 650 Вт 0,8 л",4920.0
967190,Фен строительный электрический Patriot HG 220 (170301330) 2000 Вт,4990.0
612653,Реноватор электрический DeWalt DWE315KT 300 Вт,27384.0
168286,"Бензопила Champion 251 3,13 л.с. 18"" шаг 0,325"" паз 1,5 мм 72 звена",10690.0
914335,Ножовка по дереву Gross 500 мм 7 зуб/дюйм крупный зуб,1353.0
668541,Гайковерт аккумуляторный ударный КМ АТОМ (СIW-181BL) 18В Li-Ion без АКБ и ЗУ,5100.0
162145,Пистолет клеевой электрический Metabo KE 3000 (618121000) 220 Вт,4304.0
937681,Дрель ударная Bosch GSB 13 RE (0601217104) 600 Вт ключевой патрон,4700.0
686619,Ножовка по металлу Bahco Sandflex (218) 150 мм 32 зуб/дюйм,414.0
686620,Полотно ножовочное для малых ножовок Bahco Sandflex (228-32-5P) биметаллическое 150 мм (5 шт.),457.0
161721,Ножовка по дереву Stanley (2-15-283) 450 мм крупный зуб,2255.0
666301,Пила аллигаторная электрическая DeWalt DWE399-QS 1700 Вт,48948.0
633388,"Пылесос строительный аккумуляторный/электрический DeWalt DCV584L-QW 300 Вт 7,5 л 18В Li-Ion без АКБ и ЗУ",28203.0
813805,Пила торцовочная электрическая Зубр ЗПТК-210-1500 1500 Вт 210 мм,12890.0
612644,"Перфоратор электрический DeWalt D25773K-QS 1700 Вт 19,4 Дж SDS-max",84525.0
982107,Шлифмашина угловая аккумуляторная Makita XGT GA013GZ (GA013GZ) 40В Li-Ion d125 мм без АКБ и ЗУ,18350.0
795192,Лобзик электрический Ресанта Л-100/850 (75/9/4) 850 Вт,5090.0
635111,Пила торцовочная электрическая Einhell TC-SM 2531/1 U (4300817) 1900 Вт 254 мм,20480.0
813796,Дрель-шуруповерт аккумуляторная Зубр ДШЛ-125-22 12В 2х2Ач Li-Ion 2 АКБ и ЗУ,4999.0
109375,Шлифмашина ленточная электрическая Интерскол ЛШМ-76/900 (16.1.0.00) 900 Вт 533х75 мм,6153.0
967196,Дрель-шуруповерт аккумуляторная безударная щеточная Patriot BR 111ES (180201411) 12В 2х2Ач Li-Ion 2 АКБ и ЗУ,3999.0
674529,Штроборез электрический Фиолент Б4-70 (ИДФР298416006) 2300 Вт d180 мм без дисков,12089.0
776037,Пила настольная электрическая Bosch GTS 635-216 (0601B42000) 1600 Вт,42919.0
129629,Шлифмашина полировальная электрическая Интерскол УПМ-180/1300Э (27.1.1.12) 1300 Вт d180 мм,7056.0
635105,Дрель-миксер электрическая Einhell TE-MX 1600-2 (4258561) 1600 Вт,14900.0
635115,Шлифмашина полировальная электрическая Einhell CC-PO 1100/2E (2093265) 1100 Вт d180 мм,6449.0
828659,Минилубрикатор Fubag (190107) для смазывания 1/4 НР,265.0
961846,Краскопульт электрический Deko R450 (018-7000) 900 Вт,25900.0
633390,Пистолет для герметика аккумуляторный DeWalt DCE580N-XJ 18В Li-Ion без АКБ и ЗУ,24938.0
153773,Лобзик электрический Einhell TH-JS 85 (4321140) 620 Вт,4956.0
942211,Отбойный молоток электрический Einhell TE-DH 32 (4139099) 1500 Вт 32 Дж SDS-max,24199.0
672589,"Дрель-шуруповерт аккумуляторная Интерскол ДА-13/18ВК (575.1.2.70) 18В 2х1,5Ач Li-Ion 2 АКБ иЗУ",8400.0
633381,Дрель-шуруповерт аккумуляторная DeWalt DCD991NT-XJ 18В Li-Ion без АКБ и ЗУ,22150.0
654273,Шлифмашина ленточная электрическая ЗУБР ЗЛШМ-76-950 950 Вт 533х76 мм,5130.0
682026,Пила монтажная электрическая Makita LW1401 2200 Вт 355 мм,20701.0
153780,Плиткорез электрический Einhell ТС-ТС 618 (4301180) 600 Вт 180 мм,5880.0
161724,Ножовка по ламинату Stanley (2-20-180) 450 мм мелкий зуб,1852.0
829309,"Компрессор масляный Fubag (614319530) DС 320/24 24 л 1,8 кВт",18450.0
909324,Фрезер электрический Makita (RT0700C) 710 Вт,10668.0
635109,Пила сабельная электрическая Einhell TE-AP 750 E (4326170) 750 Вт,7340.0
626177,Дрель-шуруповерт аккумуляторная ударная Makita HP333DWAE 12В 2х2Ач Li-Ion,11130.0
791666,Бороздодел электрический Фиолент Б3-40 (ИДФР298416003) 1600 Вт d150 мм без дисков,10697.0
600845,"Пила цепная DeWalt DCM575X1-QW 16"" шаг 3/8"" паз 1,1 мм 56 звеньев Li-Ion 54В 3Ач 1 АКБ и ЗУ",41549.0
828663,Блок Fubag (190140) для подготовки воздуха 1/4,3200.0
795204,Шлифмашина угловая электрическая Ресанта УШМ-125/1200Э (75/12/4) 1200 Вт d125 мм,5190.0
633384,"Перфоратор аккумуляторный DeWalt DCH273N-XJ 2,1 Дж 18В Li-Ion SDS-plus без АКБ и ЗУ",36528.0
615973,"Компрессор безмасляный Metabo (601544000) Power 250-10 W OF 10 л 1,5 кВт",34697.0
982108,Шлифмашина угловая аккумуляторная Makita XGT GA029GZ (GA029GZ) 40В Li-Ion d125 мм без АКБ и ЗУ,18800.0
654256,"Краскопульт электрический ЗУБР КПЭ-350 350 Вт 0,8 л",3100.0
686627,Полотно ножовочное по металлу Bahco Sandflex (3906-300-18-100) биметаллическое 300 мм 18 зуб/дюйм,183.0
795201,Фен строительный электрический Ресанта ФЭ-2000ЭК (75/2/2) 2000 Вт,3390.0
813797,"Дрель-шуруповерт аккумуляторная Зубр ДШЛ-145-22 14,4В 2х2Ач Li-Ion 2 АКБ и ЗУ",6299.0
991508,"Головка торцевая ударная Jonnesway (S03AD4121) 1/2"" для пневмоинструмента 21 мм глубокая",550.0
967213,"Перфоратор электрический Patriot RH242 (140301326) 720 Вт 1,9 Дж SDS-plus",4190.0
946022,"Компрессор безмасляный Denzel (58057) РС 1/6-180 6 л 1,1 кВт",12720.0
504592,"Дрель-шуруповерт аккумуляторная Einhell PXC TE-CD 18/2 Li kit (4513830) 18В 2х1,5Ач Li-Ion",10416.0
967841,"Отвертка аккумуляторная безударная Зубр PSD-4 4В 1х1,5Ач Li-Ion",2930.0
795209,Шлифмашина эксцентриковая электрическая Ресанта ЭШМ-125Э (75/6/2) 450 Вт 125 мм,4190.0
784609,"Компрессор масляный Patriot (525306365) EURO 24-240 24 л 1,5 кВт",10790.0
611805,Шлифмашина эксцентриковая аккумуляторная Einhell PXC TE-RS 18 Li-Solo (4462010) 18В Li-Ion d125 мм без АКБ и ЗУ,4200.0
795197,Рубанок электрический Ресанта Р-82/800 (75/5/1) 800 Вт,4690.0
814547,"Ножовка по дереву Дельта 500 мм 8,46 зуб/дюйм мелкий зуб",845.0
795187,Дрель ударная Ресанта ДУ-15/950М (75/8/4) 950 Вт,4290.0
654274,Рубанок электрический ЗУБР ЗР-950-82 950 Вт 82 мм,4990.0
967832,Фрезер электрический Зубр ФПР-1200 (ФПР-1200) 1200 Вт,7000.0
813822,Плиткорез электрический Зубр ЭП-300-1500C 1500 Вт 300 мм,54260.0
633383,Лобзик аккумуляторный DeWalt DCS334N-XJ 18В Li-Ion без АКБ и ЗУ,22940.0
967844,Дрель-шуруповерт аккумуляторная безударная Зубр DL-121-42 12В 2х4Ач Li-Ion 2 АКБ и ЗУ,7699.0
161722,Ножовка по дереву Stanley (2-15-289) 550 мм крупный зуб,2258.0
684989,Набор пневмоинструмента Fubag (120101),3330.0
691780,"Пистолет пневматический Fubag (110115) SBG142/3,5 пескоструйный",1370.0
967843,Перфоратор аккумуляторный Зубр PB-260-42 3 Дж 20В 2х4Ач SDS-plus 2 АКБ и ЗУ,23880.0
983601,Перфоратор аккумуляторный Greenworks GD24SDS2K4 (3803007UB) 2 Дж 24В 1х4Ач Li-Ion SDS-plus с АКБ и ЗУ,19410.0
618851,Гвоздезабивной пистолет аккумуляторный DeWalt DCN692P2-QW 18В 2х5Ач Li-Ion,78625.0
967836,Шлифмашина угловая электрическая Зубр УШМ-150-1405 1400 Вт d150 мм,5790.0
814549,"Ножовка по дереву Дельта 400 мм 8,46 зуб/дюйм мелкий зуб",678.0
981559,"Пила цепная аккумуляторная Karcher CNS 18-30 (1.444-001.0) 12"" шаг 3/8"" паз 1,1 мм 45 звеньев Li-Ion 18В без АКБ и ЗУ",24060.0
129631,Точило электрическое Интерскол Т-125/120 (539.1.0.00) 120 Вт круг 125/125 мм,5010.0
813795,"Отвертка аккумуляторная Зубр ЗО-ЕМ-3.6 Ли 3,6В 1х1,3Ач Li-Ion 1 АКБ и ЗУ",2440.0
671782,Пила дисковая электрическая ЗУБР ПД-75 2000 Вт 210 мм,7940.0
824911,Шлифмашина угловая аккумуляторная Einhell Axxio 18/125 Q (4431151) 18В Li-Ion d125 мм без АКБ и ЗУ,9012.0
921035,Шлифмашина угловая аккумуляторная Интерскол (578.4.1.70) 18В Li-Ion d125 мм,11990.0
670117,Перфоратор аккумуляторный Bosch GBH 180-LI Brushless (0611911120) 2 Дж 18В Li-Ion SDS-plus без АКБ и ЗУ,14280.0
829308,"Компрессор безмасляный Fubag (31383) OLS 160/24 24 л 0,8 кВт малошумный",14760.0
612673,Реноватор аккумуляторный Makita DTM50Z 300 Вт 18В Li-Ion без АКБ и ЗУ,9146.0
153779,Пила сабельная электрическая Einhell TH-AP (TC-AP) 650 (4326141) 650 Вт,7287.0
781590,Пила стационарная Einhell TC-TS 2025/2 U (4340490) 1800 Вт d250 мм,22995.0
781593,Шлифмашина угловая электрическая Einhell TE-AG 230/2000 (4430840) 2000 Вт d230 мм,9408.0
980075,Пила торцовочная электрическая Patriot MS 255 (190301855) 1800 Вт 250 мм,17846.0
908415,"Дрель-шуруповерт аккумуляторная Makita XGT (DF001GD201) 40В 2х2,5Ач Li-Ion 2 АКБ и ЗУ",41880.0
129630,Рубанок электрический Интерскол Р-110/1100М (49.1.0.12) 1100 Вт 110 мм,8978.0
504758,"Дрель-шуруповерт аккумуляторная Makita DF332DWAE 10,8В 2х2Ач Li-Ion",15414.0
759060,"Компрессор масляный Patriot (525301965) PTR 100-440I 100 л 2,2 кВт",39878.0
991507,"Головка торцевая ударная Jonnesway (S03AD4119) 1/2"" для пневмоинструмента 19 мм глубокая",518.0
633376,Гайковерт аккумуляторный DeWalt DCF899N-XJ 18В Li-Ion без АКБ и ЗУ,33217.0
813791,Дрель-миксер электрическая Зубр МР-1101 1100 Вт,5520.0
813793,Дрель-миксер электрическая Зубр МРД-1401 1400 Вт,12270.0
163692,Рубанок электрический Bosch GHO 6500 (601596000) 600 Вт 82 мм,12212.0
162128,"Дрель-шуруповерт аккумуляторная Metabo BS 18 В (602207550) 18В 2х1,5Ач Li-Ion",15256.0
689349,"Компрессор безмасляный Fubag Easy Air 1,1 кВт",9390.0
615977,Пистолет пневматический Metabo (601580000) BP 210 продувочный,1990.0
670377,Пистолет клеевой аккумуляторный КМ АТОМ (CHGG-181) 18В Li-Ion без АКБ и ЗУ,2089.0
758398,Рубанок аккумуляторный КМ АТОМ (СP-181) 18В Li-Ion 82 мм без АКБ и ЗУ,4900.0
797840,Пылесос строительный электрический Karcher WD 4 S V-20/5/22 (YSY) (1.628-250.0) 1000 Вт 20 л,13649.0
504691,"Перфоратор электрический DeWalt D25481K 1050 Вт 6,1 Дж SDS-max",39700.0
967835,Пила торцовочная электрическая Зубр ЗПТ-255-1800 ЛМ2 1600 Вт 255 мм,14560.0
616361,Шлифмашина угловая электрическая Einhell TE-AG 125/750 (4430880) 750 Вт d125 мм,3700.0
813818,Плиткорез электрический Зубр ЭП-180-600Н 600 Вт 180 мм,6690.0
813804,Пила торцовочная электрическая Зубр ППТ-255-П 2000 Вт 255 мм,19699.0
654253,Дрель ударная ЗУБР ДУ-550 ЭР 550 Вт,2770.0
504600,Шлифмашина угловая аккумуляторная Einhell PXC TE-AG 18/115 Li-solo (4431110) 18В Li-Ion d115 мм без АКБ и ЗУ,4783.0
161723,Ножовка по дереву Stanley Teflon (2-20-530) 550 мм крупный зуб,4221.0
654254,Дрель ударная ЗУБР ДУ-710 ЭРМ2 710 Вт,2278.0
505058,Полотно ножовочное по металлу Stanley Fatmax (FMHT0-20195) биметаллическое 300 мм 24 зуб/дюйм (2 шт.),340.0
967193,Пила торцовочная электрическая Patriot MS 305 (190301905) 1700 Вт 305 мм,33990.0
795191,Дрель-шуруповерт аккумуляторная ударная Ресанта ДА-18-2ЛК-У (75/14/6) 18В 2х2Ач Li-Ion 2 АКБ иЗУ,7890.0
619474,Шлифмашина эксцентриковая электрическая Mirka DEROS 5650CV (MID5650202CA) 350 Вт d125/150 мм,79200.0
967215,Пила дисковая электрическая Patriot CS162 (190301620) 1200 Вт 160 мм,5590.0
681519,Лобзик ручной по дереву Hesler 170 мм,309.0
691758,"Компрессор безмасляный Fubag (A6BB304KOA600) OL 195/6 CM1.5 6 л 1,1 кВт",11740.0
881439,Лобзик электрический Фиолент ПМ7-750Э М (ИДФР298256008-01) 750 Вт 220В,4780.0
813803,Пила торцовочная электрическая Зубр ППТ-216-П 1800 Вт 216 мм,17670.0
691768,Гвоздезабивной пистолет пневматический Fubag N90 (100156),17190.0
795195,"Перфоратор электрический Ресанта П-30-900К (75/3/2) 900 Вт 4,3 Дж SDS-plus",8390.0
813794,"Отвертка аккумуляторная Зубр ЗО-Е-3.6 Ли 3,6В 1х1,3Ач Li-Ion 1 АКБ и ЗУ",1599.0
129620,Шлифмашина угловая электрическая Makita 9557HN 840 Вт d115 мм,5775.0
967195,Шлифмашина угловая электрическая 125 мм Patriot AG 130 (110301130) 1000 Вт d125 мм,4990.0
162139,Пила дисковая электрическая Metabo KS 55 (600855000) 1200 Вт 160 мм,11339.0
639273,Лобзик электрический Bosch GST 850 BE (060158F123) 600 Вт,9608.0
795186,Дрель ударная Ресанта ДУ-15/850 (75/8/3) 850 Вт,3590.0
885919,"Гвоздезабивной пистолет газовый Toua (GSN40В) 7,2В 1,5Ач Li-Ion",33075.0
828664,Блок Fubag (190150) для подготовки воздуха 1/2,4940.0
759059,Компрессор масляный Patriot (525306312) PTR 80-450A 80 л 2 кВт,39190.0
684988,"Гайковерт пневматический Fubag (100109) PW 312 1/2""",4650.0
660985,"Бензопила Huter BS-52M (70/6/9) 3,8 л.с. 18"" шаг 3/8"" паз 1,3 мм 72 звена",8690.0
991500,"Головка торцевая ударная Jonnesway (S03A4117) 1/2"" для пневмоинструмента 17 мм",365.0
654579,"Заточный комплект для X-Cut C83/85 Husqvarna (5869385-01) шаг 3/8"" паз 1,5 мм",2449.0
600846,"Пила цепная DeWalt DCM565P1-QW XR 12"" шаг 3/8"" паз 1,1 мм 45 звеньев Li-Ion 18В 5Ач 1 АКБ и ЗУ",33099.0
951804,Лобзик электрический Metabo STEB 65 Quick (601030000) 450 Вт,5189.0
162148,Дрель ударная Metabo SBE 650 Impuls (600743000) 650 Вт,6541.0
983616,Фен строительный аккумуляторный Greenworks G24HG (3400207) без АКБ и ЗУ,5990.0
691315,Пила дисковая аккумуляторная Kress KU520.9 (KU520.9) 20В Li-Ion 165 мм,16220.0
813806,Рубанок электрический Зубр ЗР-1300-110 1300 Вт 110 мм,9910.0
908187,"Гайковерт аккумуляторный ударный Makita XGT TW007GD201 (TW007GD201) 40В 2х2,5Ач Li-Ion 2 АКБ и ЗУ",59990.0
991501,"Головка торцевая ударная Jonnesway (S03A4119) 1/2"" для пневмоинструмента 19 мм",385.0
655576,Гвоздезабивной пистолет аккумуляторный DeWalt DCN660N-XJ 18В Li-Ion без АКБ и ЗУ,50085.0
691759,"Компрессор масляный Fubag (61431378) FС 230/24 CM2 24 л 1,5 кВт",13760.0
612650,Рубанок электрический DeWalt DW680-QS 600 Вт 82 мм,17219.0
795182,Гравер электрический Ресанта Г-180ЭГ (75/4/1) 180 Вт с набором оснастки,4190.0
684197,Фен строительный электрический Metabo HG 16-500 (601067000) 1600 Вт,5990.0
908296,Пила сабельная аккумуляторная Makita XGT JR001GM201 (JR001GM201) 40В Li-Ion 2 АКБ и ЗУ,59990.0
814548,"Ножовка по дереву Дельта 300 мм 8,46 зуб/дюйм мелкий зуб",478.0
946024,"Компрессор масляный Denzel (58110) BCV2200/100 100 л 2,3 кВт",38890.0
613265,Дрель-шуруповерт аккумуляторная Metabo BS 18 LTX Impuls (602191960) 18В 3х4Ач Li-Ion,50120.0
781589,Циркулярная пила Einhell TC-TS 210 (4340425) 900 Вт d210 мм,14990.0
967838,Пила дисковая электрическая Зубр ПДП-65 1600 Вт 190 мм,7820.0
670115,Пила торцовочная электрическая Bosch GCM 800 SJ (0601B19000) 1400 Вт 216 мм,41297.0
626946,"Перфоратор аккумуляторный Kress TBD KU388 2,2 Дж 20В 2х4Ач Li-Ion SDS-plus",37290.0
635107,Пила дисковая электрическая Einhell TE-CS 165 (4331010) 1200 Вт 165 мм,7559.0
615980,"Гайковерт пневматический Metabo (604119500) DRS 68 Sеt 1/2""",14592.0
129632,Точило электрическое Интерскол Т-150/150 (591.1.0.00) 150 Вт круг 150/150 мм,5669.0
991499,"Головка торцевая ударная Jonnesway (S03A4113) 1/2"" для пневмоинструмента 13 мм",325.0
654704,Ножовка по металлу профи Bahco ProfCut (319) 300 мм 24 зуб/дюйм мелкий зуб,3117.0
991506,"Головка торцевая ударная Jonnesway (S03AD4117) 1/2"" для пневмоинструмента 17 мм глубокая",590.0
795198,Рубанок электрический Ресанта Р-82СТ (75/5/2) 1100 Вт,7690.0
635210,Дрель-шуруповерт аккумуляторная Metabo PowerMaxx BS 12 (601036500) 12В 2х2Ач Li-Ion,13712.0
504593,Дрель-шуруповерт аккумуляторная Einhell PXC TE-CD 18 Li Brushless-Solo (4513850) 18В Li-Ion без АКБ и ЗУ,7870.0
627193,"Электропила цепная Husqvarna 420EL (9672057-16) 2000 Вт 16"" шаг 3/8"" паз 1,3 мм 56 звеньев",31990.0
798233,Пылесос строительный электрический Karcher NT 40/1 Tact Te L *EU (1.148-311.0) 1380 Вт 40 л,83990.0
881443,Шлифмашина угловая электрическая Фиолент МШУ17-11-125Э М Мастер (ИДФР298135013-02) 1100 Вт d125 мм,7145.0
633386,Пила дисковая аккумуляторная DeWalt DCS570N-XJ 18В Li-Ion 184 мм без АКБ и ЗУ,22712.0
682860,Дрель-шуруповерт аккумуляторная DeWalt DCD701N-XJ (DCD701N-XJ) 12В Li-Ion без АКБ и ЗУ,9641.0
940405,Набор электроинструмента Makita DK0167 лобзик 4329 + дисковая пила HS7601,23099.0
795183,Пила дисковая электрическая Ресанта ДП-165/1300 (75/11/1) 1300 Вт 165 мм,6390.0
885920,"Гвоздезабивной пистолет газовый Toua (GFN3490CHС) 7,2В 1,5Ач Li-Ion",35175.0
980594,"Пила цепная аккумуляторная Greenworks 40V GD40CS18K2 (2005807UA) 16"" шаг 3/8"" паз 1,1 мм 56 звеньев Li-Ion 40В 2Ач 1 АКБ и ЗУ",19990.0
162137,Перфоратор электрический Metabo KHE 2660 (600663500) 850 Вт 3 Дж SDS-plus,19640.0
626959,Шлифмашина угловая электрическая Kress KU704 900 Вт d125 мм,6890.0
635215,Дрель-шуруповерт аккумуляторная Metabo BS 18 L BL Q (602327500) 18В 2х2Ач Li-Ion,24766.0
925075,Пила сабельная аккумуляторная Зубр SPB-180 (SPB-180-41) 20В Li-Ion с АКБ и ЗУ,15110.0
504625,Пылесос строительный электрический Einhell TE-VC 2340 SA (2342380) 1200 Вт 40 л,21209.0
660989,"Пила цепная Huter ELS-1800P (70/10/5) 1800 Вт 14"" шаг 3/8"" паз 1,3 мм 53 звена",5890.0
828661,Фильтр воздушный Fubag (190120) для подготовки воздуха 1/4,2010.0
660991,"Электропила цепная Huter ELS-1500P (70/10/4) 1500 Вт 12"" шаг 3/8"" паз 1,3 мм 45 звеньев",5290.0
611802,Гайковерт аккумуляторный ударный Einhell PXC TE-CW 18 Li Brushless-Solo (4510040) 18В Li-Ion без АКБ и ЗУ,9500.0
654258,Лобзик электрический ЗУБР Л-П730-120 730 Вт,5020.0
660988,"Электропила цепная Huter ELS-2000P (70/10/3) 2000 Вт 16"" шаг 3/8"" паз 1,3 мм 57 звеньев",6590.0
792970,"Пила цепная аккумуляторная Makita LXT DUC356Z (DUC356Z) 800 Вт 14"" шаг 3/8"" паз 1,1 мм 52 звена Li-Ion 18В 4Ач без АКБ и ЗУ",23370.0
909326,Пылесос строительный аккумуляторный/электрический Makita (DVC860LZ) 240 Вт 8 л 18В Li-Ion без АКБ и ЗУ,49900.0
633379,Дрель-шуруповерт аккумуляторная ударная DeWalt DCD996NT-XJ 18В Li-Ion без АКБ и ЗУ,22150.0
967188,Фрезер электрический Patriot ER 120 (150300011) 1200 Вт,5899.0
622082,"Перфоратор электрический Makita HR1840 470 Вт 1,4 Дж SDS-plus",10595.0
967217,Пила дисковая электрическая Patriot CS 212 (190301650) 1800 Вт 210 мм,6835.0
504597,Пила сабельная аккумуляторная Einhell PXC TE-AP 18 Li-Solo (4326300) 18В Li-Ion без АКБ и ЗУ,5357.0
967218,Рубанок электрический Patriot PL 750 (150301115) 750 Вт,3787.0
674533,Шлифмашина угловая электрическая Фиолент МШУ1-20-230А (ИДФР298135001-07) 2000 Вт d230 мм,7099.0
781584,"Дрель-шуруповерт аккумуляторная безударная Einhell TE-CD 18/40-1 Li (4513939) 18В 2х1,5Ач Li-Ion 2 АКБ иЗУ",10400.0
781586,Пила дисковая электрическая Einhell TC-CS 1410 (4331050) 1410 Вт 190 мм,8400.0
781587,Мини-пила дисковая Einhell TC-CS 89 (4331030) 600 Вт 89 мм,8339.0
781588,Пила сабельная электрическая Einhell TE-AP 950 E (4326180) 950 Вт,8699.0
946023,"Компрессор масляный Denzel (58083) DKV2200/50 50 л 2,2 кВт",26600.0
908416,"Дрель-шуруповерт аккумуляторная Makita XGT (HP001GD201) 40В 2х2,5Ач Li-Ion 2 АКБ и ЗУ",40999.0
635103,Лобзик электрический Einhell TC-JS 60/1 (4321135) 400 Вт,3066.0
635104,Лобзик электрический Einhell TC-JS 80/1 (4321145) 550 Вт,3700.0
660329,Дрель-шуруповерт аккумуляторная Einhell PXC TC-CD 18/35 Li - Solo (4513927) 18В Li-Ion без АКБ и ЗУ,2454.0
828660,Лубрикатор Fubag (190110) для подготовки воздуха 1/4,774.0
759057,"Компрессор безмасляный Patriot (525306375) WO 24-160 24 л 1,1 кВт",12990.0
759076,Набор пневмоинструмента окрасочного Patriot (830901055) KIT 5В для компрессоров 5 предметов,2740.0
824903,"Компрессор масляный Patriot (525306315) VX 50-402 50 л 2,2 кВт",23310.0
909320,Дрель-шуруповерт аккумуляторная безударная Makita DF332DWME (DF332DWME) 12В 2х4Ач Li-Ion 2 АКБ иЗУ,19142.0
633389,Рубанок аккумуляторный DeWalt DCP580N-XJ 18В Li-Ion 82 мм без АКБ и ЗУ,24938.0
791665,Бороздодел электрический Фиолент Б1-30 (ИДФР298416001-К1) 1100 Вт d125 мм без дисков,8828.0
153797,Штроборез электрический Einhell TH-MA (TC-MA) 1300 (4350730) 1320 Вт d125 мм с дисками,13700.0
105812,Пила дисковая электрическая Интерскол ДП-235/2000 (14.1.1.21) 2000 Вт 235 мм,10742.0
611106,Лобзик электрический Bosch GST 90 E (060158G000) 650 Вт,13997.0
926273,Ножовка по гипсокартону 230 мм Hardy усиленная,879.0
104609,Лобзик электрический Интерскол МП-100/700Э (15.1.1.11) 700 Вт,5628.0
501308,"Бензопила Champion 256 3,4 л.с. 18"" шаг 0,325"" паз 1,5 мм 72 звена",11490.0
681532,Ножовка по дереву Hesler 450 мм 11 зуб/дюйм мелкий зуб,550.0
689351,"Компрессор масляный Fubag DC 320/50 CM2.5 50 л 1,8 кВт",21810.0
684982,"Компрессор безмасляный Fubag (8213790KOA604) SERVISE MASTER KIT 6 л 1,1 кВт",13590.0
946010,"Компрессор масляный Fubag (61431372) B3600B/100 CM3 100 л 2,2 кВт",46220.0
983605,Пила дисковая аккумуляторная Greenworks GD24CS (1500907) 24В Li-Ion 185 мм без АКБ и ЗУ,7999.0
967198,Пила дисковая электрическая Patriot CS 190 (190301640) 1500 Вт 190 мм,7390.0
615978,Гвоздескобозабивной пистолет пневматический Metabo (601562500) DKNG 40/50,25488.0
603479,Дрель ударная Makita HP1641F 680 Вт,7840.0
504595,Винтоверт аккумуляторный ударный Einhell PXC TE-CI 18/1 Li-Solo (4510034) 18В Li-Ion без АКБ и ЗУ,4487.0
162149,Пила монтажная электрическая Metabo CS 23-355 (602335850) 2300 Вт 355 мм,23414.0
795208,Шлифмашина ленточная электрическая Ресанта ЛШМ-75/900 (75/6/1) 900 Вт 533х75 мм,6090.0
611804,Пила торцовочная аккумуляторная Einhell PXC TE-MS 18/210 Li-Solo (4300890) 18В Li-Ion 210 мм без АКБ и ЗУ,16460.0
660980,"Бензопила Huter BS-40 (70/6/1) 2 л.с. 16"" шаг 3/8"" паз 1,3 мм 57 звеньев",8990.0
626952,Перфоратор электрический Kress KU330 1100 Вт 5 Дж SDS-plus,12390.0
615970,"Компрессор масляный Metabo (601538000) MEGA 350-100 W 90 л 2,2 кВт",72239.0
633998,Дрель-шуруповерт аккумуляторная ударная DeWalt DCD778D2T 18В 2х2Ач Li-Ion,21435.0
691760,"Компрессор масляный Fubag (61431371) B3600B/50 CM3 50 л 2,2 кВт",39120.0
983614,Гвоздезабивной пистолет аккумуляторный Greenworks GD24BN (3400707) 24В Li-Ion без АКБ и ЗУ,13990.0
991502,"Головка торцевая ударная Jonnesway (S03A4121) 1/2"" для пневмоинструмента 21 мм",405.0
967191,Лобзик электрический Patriot LS 750 (190301715) 800 Вт,4090.0
691320,Пила дисковая электрическая Kress KU436P (KU436P) 710 Вт 120 мм,13790.0
164207,Плиткорез электрический Einhell RT-SC (TE-SC) 570 L (4301444) 1500 Вт 250 мм,44730.0
611102,Дрель-шуруповерт аккумуляторная Bosch GTB 12V-11 Professional (06019E4004) 12В 2х3Ач Li-Ion,27465.0
691318,"Компрессор безмасляный Kress (KP110) KP110 8 л 1,0 кВт",16290.0
674536,Лобзик электрический Фиолент ПМ5-750ЭМ Мастер (ИДФР298256005-01) 750 Вт,5300.0
691321,Фен строительный электрический Kress KU041 (KU041) 2000 Вт,5890.0
660987,"Электропила цепная Huter ELS-2400 (70/10/2) 2400 Вт 18"" шаг 3/8"" паз 1,3 мм 45 звеньев",8590.0
908302,"Перфоратор аккумуляторный Makita (DHR282ZJ) 36 Вт 2,8 Дж 18В Li-Ion SDS-plus без АКБ и ЗУ",31532.0
946032,"Компрессор масляный Denzel (58167) DCV2200/50 50 л 2,2 кВт",23920.0
626950,Дрель ударная Kress KU310 650 Вт,4690.0
983603,Винтоверт аккумуляторный ударный Greenworks GD24ID3 (3802807) 24В Li-Ion без АКБ и ЗУ,8490.0
991496,"Рукоятка трещоточная пневматическая Jonnesway (JAR-6309A) 1/2""",11990.0
979952,"Пила цепная электрическая Ресанта ЭП-2216П (70/10/13) 2200 Вт 16"" шаг 3/8"" паз 1,3 мм 57 звеньев",7490.0
946027,"Компрессор масляный Denzel (58113) BCI2300/50 50 л 2,3 кВт",41290.0
633375,Гайковерт аккумуляторный DeWalt DCF897N-XJ 18В Li-Ion без АКБ и ЗУ,31488.0
991497,Отбойный молоток пневматический Jonnesway (JAH-6833H),9220.0
946025,"Компрессор масляный Denzel (58111) BCV2300/100 100 л 2,3 кВт",50340.0
686623,Полотно ножовочное по дереву профи Bahco Sandcut (51-12) биметаллическое 320 мм крупный зуб,667.0
991512,"Удлинитель Jonnesway (S03A4E6) 1/2"" для ударного пневмоинструмента 150 мм",710.0
991505,"Головка торцевая ударная Jonnesway (S03AD4113) 1/2"" для пневмоинструмента 13 мм глубокая",570.0
983606,Пила сабельная аккумуляторная Greenworks GD24RS (1200407) 24В Li-Ion без АКБ и ЗУ,8548.0
626945,"Перфоратор аккумуляторный Kress TBD KU381 1,5 Дж 20В 2х2Ач Li-Ion SDS-plus",25190.0
881438,Лобзик электрический Фиолент ПМ7-720Э (ИДФР298256007) 720 Вт 220В,4899.0
627177,"Пила цепная аккумуляторная Husqvarna 120i (9670982-01) 12"" шаг 3/8"" паз 1,1 мм 45 звеньев Li-Ion 36В без АКБ и ЗУ",33990.0
654703,Ножовка для утеплителя мини Bahco ProfCut (396-INS) 185 мм крупный зуб,3317.0
967186,Лобзик электрический Patriot LS 900 (190301790) 800 Вт,4390.0
654267,Шуруповерт безударный ЗУБР ЗСШ-550-45 550 Вт,3770.0
967834,Лобзик электрический Зубр ЛП-500 К 500 Вт,5540.0
660990,"Электропила цепная Huter ELS-2200P (70/10/6) 2200 Вт 16"" шаг 3/8"" паз 1,3 мм 57 звеньев",7190.0
795185,Пила дисковая электрическая Ресанта ДП-210/2000 (75/11/3) 2000 Вт 210 мм,11090.0
691756,"Компрессор безмасляный Fubag (8213800KOA610) HOUSE MASTER KIT 24 л 1,1 кВт",16190.0
983611,Шлифмашина угловая аккумуляторная Greenworks GD24AG (3200207) 24В Li-Ion d125 мм без АКБ и ЗУ,6990.0
983609,Шлифмашина полировальная аккумуляторная Greenworks G24SS14 (3100507) d140 мм,4715.0
983602,Гайковерт аккумуляторный ударный Greenworks GD24IW400 (3802907) 24В Li-Ion без АКБ и ЗУ,8490.0
615974,"Компрессор безмасляный Metabo (601545000) Power 280-20 W OF 20 л 1,8 кВт",57628.0
946026,"Компрессор масляный Denzel (58112) BCV2200/100V 100 л 2,2 кВт",48910.0
983615,Скобозабивной пистолет аккумуляторный Greenworks G24CS10 (3400107) 24В Li-Ion без АКБ и ЗУ,6990.0
828662,Фильтр воздушный Fubag (190130) для подготовки воздуха 1/2,2840.0
988070,"Перфоратор электрический Фиолент П9-850-РЭ (ИДФР298417007) 850 Вт 3,2 Дж SDS-plus",6762.0
660986,"Бензопила Huter BS-25 (70/6/5) 1,1 л.с. 12"" шаг 3/8"" паз 1,3 мм 45 звеньев",8890.0
635094,Пила ленточная Einhell TC-SB 200/1 (4308018) 250 Вт,15640.0
967214,Лобзик электрический Patriot LS 601 (190301709) 690 Вт,2490.0
949742,Пила цепная электрическая Belmash MCS-400 (S124A) 2200 Вт,96990.0
991511,"Удлинитель Jonnesway (S03A4E4) 1/2"" для ударного пневмоинструмента 100 мм",580.0
991503,"Головка торцевая ударная Jonnesway (S03A4124) 1/2"" для пневмоинструмента 24 мм",510.0
691755,"Компрессор безмасляный Fubag (8215240KOA650) Smart Air 2 л 1,1 кВт",12920.0
660992,"Электропила цепная Huter ELS-2800 (70/10/7) 2800 Вт 14"" шаг 3/8"" паз 1,3 мм 45 звеньев",9890.0
983600,Перфоратор аккумуляторный Greenworks GD24SDS2 (3803007) 2 Дж 24В Li-Ion SDS-plus без АКБ и ЗУ,11490.0
983613,Реноватор аккумуляторный Greenworks G24MT (3400307) 24В Li-Ion без АКБ и ЗУ,5990.0
983604,Лобзик аккумуляторный Greenworks GD24JS (3601407) 24В Li-Ion без АКБ и ЗУ,7860.0
626955,Лобзик электрический Kress KU472 720 Вт,15990.0
991498,Отбойный молоток пневматический Jonnesway (JAH-6833HK) 5 насадок,15240.0
983610,Шлифмашина ленточная аккумуляторная Greenworks G24BS (3100607) 457х76 мм без АКБ и ЗУ,9990.0
626951,Шлифмашина угловая электрическая Kress KU703 750 Вт d125 мм,5990.0
813829,Шлифмашина полировальная электрическая Зубр ЗПМ-240 140 Вт,3390.0
669219,Перфоратор электрический Kress KU320 850 Вт 3 Дж SDS-plus,10490.0
983607,Шлифмашина эксцентриковая аккумуляторная Greenworks 24V G24ROS (3100107) 24В Li-Ion d125 мм без АКБ и ЗУ,4990.0
615982,Шлифмашина эксцентриковая пневматическая Metabo (601558000) DSX 150,22994.0
612438,Мини-пила цепная электрическая Bosch EasyCut50 (06033C8020) 500 Вт,9088.0
967185,Фрезер электрический Patriot ER 130 (150300130) 1300 Вт,8490.0
691319,"Компрессор безмасляный Kress (KP130) KP130 24 л 1,5 кВт",19990.0
991504,"Набор головок ударных Jonnesway (S03A4111S) 1/2"" для пневмоинструмента 10-24 мм 11 предметов",3860.0
991513,"Переходник Jonnesway (S03A4A6) 1/4"" НР х 1/4"" ВР для ударного пневмоинструмента",760.0
504690,Дрель ударная DeWalt DWD024 701 Вт,6820.0
980077,Пила торцовочная электрическая Patriot MS 210 (190301850) 1400 Вт 210 мм,10990.0
983597,Дрель аккумуляторная безударная Greenworks GD24AGK2 (3704007UA) 24В 1х2Ач Li-Ion 2 АКБ и ЗУ,10990.0
802240,"Бензопила Patriot PT5220 (220105570) 3,4 л.с. 20"" шаг 3/8"" паз 1,5 мм 76 звеньев",11290.0
983598,"Перфоратор аккумуляторный Greenworks GD24SDS1 (3803107) 1,2 Дж 24В Li-Ion SDS-plus без АКБ и ЗУ",7493.0
908706,Пила дисковая аккумуляторная Makita DHS900Z 36 Вт 18В Li-Ion 235 мм без АКБ и ЗУ,34999.0
686622,Ножовка по металлу профи Bahco Sandflex (9-12-51/3806-KP) 320 мм средний зуб,2077.0
813821,Плиткорез электрический Зубр ЭП-250-1200С 1200 Вт 250 мм,43040.0
980593,"Пила цепная аккумуляторная Greenworks 40V G40CS30IIK2 (2007807UA) 12"" шаг 3/8"" паз 1,1 мм 45 звеньев Li-Ion 40В 2Ач 1 АКБ и ЗУ",14990.0
667820,Пила монтажная электрическая Kress KU760 (KU760) 2200 Вт 355 мм,17690.0
612651,Рубанок электрический DeWalt D26500K 1050 Вт 82 мм,28220.0
967216,Пила дисковая электрическая Patriot CS 188 (190301630) 1500 Вт 185 мм,6790.0
660982,"Бензопила Huter BS-45 (70/6/2) 3,1 л.с. 18"" шаг 3/8"" паз 1,3 мм 72 звена",8290.0
691765,Скобозабивной пистолет пневматический Fubag S1216 (100155),3510.0
967183,"Перфоратор аккумуляторный Patriot RH 210UES (110303210) 1,7 Дж 21В Li-Ion SDS-plus без АКБ и ЗУ",9990.0
667819,Дрель безударная Kress KU120 (KU120) 650 Вт ключевой патрон,4590.0
909327,Пылесос строительный аккумуляторный/электрический Makita (DVC150LZ) 240 Вт 15 л 18В Li-Ion без АКБ и ЗУ,50810.0
691324,Дрель-шуруповерт аккумуляторная безударная угловая Kress KU202.1 (KU202.1) 12В 2х2Ач Li-Ion,9890.0
612680,Пистолет для герметика аккумуляторный Makita DCG180Z 18В Li-Ion без АКБ и ЗУ,29459.0
627178,"Пила цепная аккумуляторная Husqvarna 535iXP (9678938-14) 14"" шаг 3/8"" паз 1,1 мм 52 звена Li-Ion 36В без АКБ и ЗУ",49990.0
967192,Лобзик электрический Patriot LS 902 (190301792) 800 Вт,5290.0
667821,Шлифмашина угловая электрическая Kress KU701 (KU701) 760 Вт d115/125 мм,4590.0
982106,Ножницы высечные электрические Makita JN1601 (JN1601) 550 Вт,31569.0
635213,Дрель-шуруповерт аккумуляторная Metabo PowerMaxx BS 12 BL Q (601039500) 12В 2х2Ач Li-Ion,24884.0
908702,Пила дисковая аккумуляторная Makita XGT HS004GZ01 40 Вт 40В Li-Ion 185/190 мм без АКБ и ЗУ,39709.0
674530,Лобзик электрический Фиолент ПМ5-720Э (ИДФР298256003-К1) 720 Вт,4800.0
795193,Лобзик электрический Ресанта Л-80/750 (75/9/3) 750 Вт,4390.0
813819,Плиткорез электрический Зубр ЭП-200-1000Н 1000 Вт 200 мм,13610.0
660981,"Бензопила Huter BS-62 (70/6/6) 4,5 л.с. 20"" шаг 3/8"" паз 1,3 мм 76 звеньев",10890.0
983599,"Перфоратор аккумуляторный Greenworks GD24SDS1K2 (3803107UA) 1,2 Дж 24В 1х2Ач Li-Ion SDS-plus с АКБ и ЗУ",12990.0
991514,"Шарнир карданный Jonnesway (S03A4U4) 1/2"" для ударного пневмоинструмента",870.0
983596,Дрель аккумуляторная безударная Greenworks GD24AG (3704007) 24В Li-Ion без АКБ и ЗУ,5990.0
615981,"Гайковерт пневматический Metabo (604118500) DSSW 360 Sеt 1/2""",11969.0
162144,"Дрель-шуруповерт аккумуляторная Metabo BS (602206880) 14,4В 2х2Ач Li-Ion с набором оснастки",18669.0
612647,Пила дисковая электрическая DeWalt D23700 1750 Вт 235 мм,26880.0
635212,Дрель-шуруповерт аккумуляторная Metabo PowerMaxx BS 12 Q (601037500) 12В 2х2Ач Li-Ion,19109.0
908705,Пила дисковая аккумуляторная Makita DRS780Z 36 Вт 18В Li-Ion 185 мм без АКБ и ЗУ,26249.0
967208,Гайковерт аккумуляторный ударный бесщеточный Patriot BR 360UES 1/2 (180301561) 18В 2х18Ач Li-Ion 2 АКБ и ЗУ,16990.0
967187,Лобзик электрический Patriot LS 650 (190301710) 570 Вт,2580.0
967194,Шлифмашина угловая электрическая 125 мм Patriot AG 120M (110301206) 720 Вт d125 мм,3115.0
164208,Плиткорез электрический Einhell TE-SC 920 L (4301432) 2200 Вт 300 мм,69990.0
967219,Рубанок электрический Patriot PL 110 (150301110) 1300 Вт,10271.0
504599,Лобзик аккумуляторный Einhell PXC TE-JS 18 Li-solo (4321200) 18В Li-Ion без АКБ и ЗУ,5414.0
781592,Шлифмашина ленточная электрическая Einhell TE-BS 8540 E (4466230) 850 Вт 533х76 мм,8169.0
946028,"Компрессор масляный Denzel (58114) BCI2300/100 100 л 2,3 кВт",47560.0
946030,Компрессор масляный Denzel (58119) BCI3000-T/200 200 л 3 кВт,75310.0
908700,Пила дисковая аккумуляторная Makita XGT RS001GZ 40 Вт 40В Li-Ion 185 мм без АКБ и ЗУ,27530.0
908301,"Перфоратор аккумуляторный Makita (DHR263RF4) 36 Вт 2,5 Дж 18В 2х3Ач Li-Ion SDS-plus 2 АКБ иЗУ",43071.0
611800,"Отвертка аккумуляторная Einhell TC-SD (4513442) 3,6В 1,3Ач Li-Ion",2090.0
635211,Дрель-шуруповерт аккумуляторная Metabo PowerMaxx BS 12 BL (601038500) 12В 2х2Ач Li-Ion,19500.0
983608,Шлифмашина полировальная аккумуляторная Greenworks G24BU10 (3502107) d250 мм,4990.0
908704,Пила дисковая аккумуляторная Makita DHS710Z 36 Вт 18В Li-Ion 190 мм без АКБ и ЗУ,19652.0
908701,Пила дисковая аккумуляторная Makita XGT HS004GZ 40 Вт 40В Li-Ion 185/190 мм без АКБ и ЗУ,33030.0
635110,Пила торцовочная электрическая Einhell TC-SM 2534 Dual (4300825) 2100 Вт 250 мм,25409.0
505048,Шлифмашина вибрационная электрическая Einhell TE-OS 2520 E (4460620) 250 Вт 115х230 мм,6300.0
982109,Шлифмашина угловая аккумуляторная Makita XGT GA037GZ (GA037GZ) 40В Li-Ion d125 мм без АКБ и ЗУ,23260.0
982110,Шуруповерт аккумуляторный ударный бесщеточный Makita XGT TD001GZ (TD001GZ) 40В Li-Ion без АКБ и ЗУ,16510.0
660328,Рубанок электрический Einhell TE-PL 900 (4345320) 900 Вт 82 мм,7982.0
991516,"Гайковерт пневматический Jonnesway (JAI-1114) JAI-1114 1/2""",14630.0
991495,"Гайковерт пневматический ударный Jonnesway (JAI-1044) JAI-1044 1/2""",14600.0
991509,"Головка торцевая ударная Jonnesway (S03AD4124) 1/2"" для пневмоинструмента 24 мм глубокая",880.0
991510,"Набор головок торцевых ударных Jonnesway (S03AD4111S) 1/2"" для пневмоинструмента 10-24 мм 11 предметов",5651.0
991515,"Гайковерт пневматический Jonnesway (JAI-1054) JAI-1054 1/2""",16990.0
988123,Пылесос строительный электрический Karcher WD 5 S V-25/5/22 1100 Вт 25 л,20590.0
502798,Дрель-шуруповерт аккумуляторная Bosch GSR 18 V-EC TE Profi (06019C8007) 18В 2х5Ач Li-Ion,39990.0
908297,Пила сабельная аккумуляторная Makita DJR360Z (DJR360Z) 18В Li-Ion без АКБ и ЗУ,19977.0
908417,Дрель-шуруповерт аккумуляторная Makita XGT (HP001GZ) 40В Li-Ion без АКБ и ЗУ,20500.0
684981,"Компрессор безмасляный Fubag (A6CC304KOA601) OL 195/24 CM1.5 24 л 1,1 кВт",13500.0
689350,"Компрессор масляный Fubag VDC 400/100 CM3 100 л 2,2 кВт",38920.0
684983,"Компрессор масляный Fubag (45681472) VCF/100 CM3 100 л 2,2 кВт",58250.0
946031,"Компрессор масляный Denzel (58129) BCI5500-T/270 270 л 5,5 кВт",110320.0
691757,"Компрессор масляный Fubag (61431380) AIR MASTER KIT 24 л 1,5 кВт",19540.0
691761,Компрессор масляный Fubag (45681502) B5200B/100 СТ4 100 л 3 кВт,61910.0
829307,"Компрессор набор с пневмоинструментом Fubag (8213875KOA609/8213875KOA538) Paint Master Kit 6 л 1,1 кВт",13590.0
946009,"Компрессор масляный Fubag (61431379) FС 230/50 CM2 50 л 1,5 кВт",19800.0
946011,"Компрессор масляный Fubag (45681465) VCF/50 СM3 50 л 2,2 кВт",53230.0
153684,Дрель ударная DeWalt DWD 024,2047.0
162396,"Контейнер для краскопульта Bosch (1600A008WH) 0,8 л к модели PFS 2000",1259.0
680153,Пила торцовочная электрическая КМ MS-2001/255 2000 Вт 255 мм,10990.0
